Revenue_CAGR,Avg_EBITDA_Margin,Avg_Net_Margin,Cost_to_Revenue,Scenario
17.61638272199577,47.392644746726965,46.26100710784126,52.607355253273035,Optimistic
13.039527307443265,36.180408187468856,34.91687419656405,63.819591812531144,Moderate
8.622919170283838,21.724994585573203,20.29201610875086,78.2750054144268,Pessimistic
