Scenario,Revenue_Start,Revenue_End,Revenue_CAGR,Avg_Revenue_Growth,Revenue_Volatility,EBITDA_Start,EBITDA_End,EBITDA_CAGR,Avg_EBITDA_Margin,EBITDA_Margin_Growth,Net_Income_Start,Net_Income_End,Avg_Net_Margin,Net_Margin_Growth,Cost_Ratio_Start,Cost_Ratio_End,Avg_Cost_Ratio,Cost_Efficiency_Improvement
Optimistic,3.870150307672497,14.173280463335601,17.61638272199577,20.37454257868129,2.5210253502251575e-14,0.4327245576724968,10.324105477203814,48.66375948968744,47.392644746726965,61.660953051731205,0.3705613061341343,10.210426574887137,46.26100710784126,62.465111375298655,88.81892114591444,27.15796809418324,52.607355253273035,61.660953051731205
Moderate,3.6137391658802778,9.6338407900872,13.039527307443265,15.036236774878844,8.403417834083858e-15,0.17631341588027763,5.784665803955412,54.703134880873726,36.180408187468856,55.16629633973642,0.11543222005087625,5.693684100004976,34.91687419656405,55.906614058500125,95.12102540368795,39.95472906395153,63.819591812531144,55.16629633973642
Pessimistic,3.3740460484236627,6.539172070202215,8.622919170283838,9.91402417684511,2.4715193316962307e-14,-0.06337970157633734,2.6899970840704266,,21.724994585573203,43.01510960252693,-0.12306243181845565,2.614488723719415,20.29201610875086,43.62927850721444,101.87844803143537,58.86333842890845,78.2750054144268,43.01510960252693
