Revenue_CAGR,Avg_EBITDA_Margin,Avg_Net_Margin,Cost_to_Revenue,Scenario,Avg_Revenue_Growth,Avg_EBITDA_Growth,Avg_Net_Income_Growth,Min_EBITDA_Margin,Max_EBITDA_Margin,EBITDA_Margin_Growth,Revenue_Volatility,Margin_Volatility
17.61638272199577,47.392644746726965,46.26100710784126,52.607355253273035,Optimistic,20.37454257868129,62.94019705309075,68.06620751424111,11.18107885408556,72.84203190581677,61.660953051731205,2.582344706941404e-14,21.500878713109465
13.039527307443265,36.180408187468856,34.91687419656405,63.819591812531144,Moderate,15.036236774878843,79.3832339672427,103.15399639748804,4.878974596312047,60.04527093604847,55.16629633973642,8.881784197001252e-15,19.22138891110324
8.622919170283838,21.724994585573203,20.29201610875086,78.2750054144268,Pessimistic,9.914024176845109,-25.589724434467694,16.239137883062654,-1.8784480314353746,41.13666157109155,43.01510960252693,2.50900578390399e-14,14.963068001907988
